{
  "IcoMoonType": "selection",
  "icons": [
    {
      "icon": {
        "paths": [
          "M766.169 272.214l-177.093-205.062c-7.229-8.349-21.499-8.349-28.728 0l-177.093 205.062c-4.858 5.617-5.977 13.548-2.884 20.303s9.81 11.081 17.248 11.081h159.199v682.452h-265.649v-151.799c0-10.474-8.482-18.975-18.975-18.975s-18.975 8.501-18.975 18.975v189.749h341.548v-720.401h157.036c7.438 0 14.155-4.326 17.248-11.081 3.093-6.736 1.973-14.668-2.884-20.303zM579 265.649c-1.082-0.19-2.068-0.645-3.207-0.645s-2.144 0.455-3.226 0.645h-133.488l135.633-157.055 135.633 157.055h-131.344z",
          "M423.994 0h303.599v37.95h-303.599v-37.95z"
        ],
        "attrs": [
          {},
          {}
        ],
        "isMulticolor": false,
        "isMulticolor2": false,
        "grid": 0,
        "tags": [
          "up-arrow-svgrepo-com"
        ]
      },
      "attrs": [
        {},
        {}
      ],
      "properties": {
        "order": 2,
        "id": 0,
        "name": "up-arrow",
        "prevSize": 32
      },
      "setIdx": 0,
      "setId": 3,
      "iconIdx": 0
    },
    {
      "icon": {
        "paths": [
          "M1024 460.172c0-59.243-48.198-107.441-107.441-107.441s-107.441 48.198-107.441 107.441c0 26.95 9.998 51.591 26.442 70.47l-111.067 101.888-141.652-292.738 82.79-97.243-153.051-179.773-153.046 179.777 79.104 92.914-140.642 295.396-109.507-100.278c16.421-18.874 26.396-43.492 26.396-70.414 0-59.243-48.198-107.441-107.441-107.441-59.248 0-107.446 48.198-107.446 107.441 0 54.896 41.402 100.282 94.618 106.65l32.922 394.403h768.926l32.922-394.403c53.211-6.367 94.613-51.754 94.613-106.65z"
        ],
        "attrs": [
          {}
        ],
        "isMulticolor": false,
        "isMulticolor2": false,
        "grid": 0,
        "tags": [
          "crown-svgrepo-com"
        ]
      },
      "attrs": [
        {}
      ],
      "properties": {
        "order": 3,
        "id": 1,
        "name": "crown",
        "prevSize": 32
      },
      "setIdx": 1,
      "setId": 2,
      "iconIdx": 0
    },
    {
      "icon": {
        "paths": [
          "M928.055 128h-832.11c-53.019 0-96 42.979-96 96v576c0 53.019 42.981 96 96 96h832.11c53.019 0 96-42.981 96-96v-576c0-53.021-42.981-96-96-96zM992.055 785.773l-302.702-302.701 302.702-192.89v495.59zM95.945 160h832.11c35.29 0 64 28.709 64 64v28.262l-440.571 280.752c-23.843 15.189-54.296 14.72-77.594-1.125l-441.946-300.378v-7.512c0-35.291 28.712-64 64-64zM31.945 270.163l306.971 208.638-306.971 306.971v-515.61zM928.055 864h-832.11c-26.358 0-49.022-16.034-58.818-38.846l328.318-328.32 90.477 61.494c17.374 11.813 37.469 17.734 57.594 17.734 19.125 0 38.28-5.344 55.141-16.078l93.478-59.568 324.738 324.738c-9.795 22.813-32.459 38.846-58.818 38.846z"
        ],
        "attrs": [
          {}
        ],
        "isMulticolor": false,
        "isMulticolor2": false,
        "grid": 0,
        "tags": [
          "email-svgrepo-com"
        ]
      },
      "attrs": [
        {}
      ],
      "properties": {
        "order": 4,
        "id": 0,
        "name": "email",
        "prevSize": 32
      },
      "setIdx": 1,
      "setId": 2,
      "iconIdx": 1
    }
  ],
  "height": 1024,
  "preferences": {
    "showGlyphs": true,
    "showQuickUse": true,
    "showQuickUse2": true,
    "showSVGs": true,
    "fontPref": {
      "prefix": "icon-",
      "metadata": {
        "fontFamily": "icomoon"
      },
      "metrics": {
        "emSize": 1024,
        "baseline": 6.25,
        "whitespace": 50
      },
      "embed": false
    },
    "imagePref": {
      "prefix": "icon-",
      "png": true,
      "useClassSelector": true,
      "color": 0,
      "bgColor": 16777215,
      "classSelector": ".icon",
      "name": "icomoon",
      "autoHost": true
    },
    "historySize": 50,
    "showCodes": true,
    "gridSize": 16,
    "quickUsageToken": {
      "UntitledProject": "NGYxOWYwMGNjYjM0YjBlYTMxMDk4YTMxZjA0NjVjMjEjMSMxNjY3MTU1MzA3IyMjZTg0MzUxNjExMjhh"
    }
  }
}